k_active,trajectory,seed,control,official_w_corr_global,centered_w_corr_global,alpha_mae,alpha_temporal_variation_ratio,w_temporal_variation_ratio,w_relative_innovation_error
2,simple,20260729,constant_mean_alpha,0.9972668271407292,0.8626440732408432,0.24999999999999992,1.53867791546966e-15,1.0415821288659092e-14,0.49985000749624997
2,simple,20260730,constant_mean_alpha,0.9972668271407292,0.8626440732408432,0.24999999999999992,1.53867791546966e-15,1.0415821288659092e-14,0.49985000749624997
2,simple,20260731,constant_mean_alpha,0.9972668271407292,0.8626440732408432,0.24999999999999992,1.53867791546966e-15,1.0415821288659092e-14,0.49985000749624997
2,simple,20260732,constant_mean_alpha,0.9972668271407292,0.8626440732408432,0.24999999999999992,1.53867791546966e-15,1.0415821288659092e-14,0.49985000749624997
2,simple,20260733,constant_mean_alpha,0.9972668271407292,0.8626440732408432,0.24999999999999992,1.53867791546966e-15,1.0415821288659092e-14,0.49985000749624997
2,medium,20260729,constant_mean_alpha,0.9954465672028694,0.796732107131741,0.3456334758926502,0.0,7.423938992761277e-15,0.5982386674631179
2,medium,20260730,constant_mean_alpha,0.9954465672028694,0.796732107131741,0.3456334758926502,0.0,7.423938992761277e-15,0.5982386674631179
2,medium,20260731,constant_mean_alpha,0.9954465672028694,0.796732107131741,0.3456334758926502,0.0,7.423938992761277e-15,0.5982386674631179
2,medium,20260732,constant_mean_alpha,0.9954465672028694,0.796732107131741,0.3456334758926502,0.0,7.423938992761277e-15,0.5982386674631179
2,medium,20260733,constant_mean_alpha,0.9954465672028694,0.796732107131741,0.3456334758926502,0.0,7.423938992761277e-15,0.5982386674631179
2,complex,20260729,constant_mean_alpha,0.9957602232129171,0.8108005072169127,0.32388877163965035,6.192600405736543e-16,7.441155017465226e-15,0.5793233773788846
2,complex,20260730,constant_mean_alpha,0.9957602232129171,0.8108005072169127,0.32388877163965035,6.192600405736543e-16,7.441155017465226e-15,0.5793233773788846
2,complex,20260731,constant_mean_alpha,0.9957602232129171,0.8108005072169127,0.32388877163965035,6.192600405736543e-16,7.441155017465226e-15,0.5793233773788846
2,complex,20260732,constant_mean_alpha,0.9957602232129171,0.8108005072169127,0.32388877163965035,6.192600405736543e-16,7.441155017465226e-15,0.5793233773788846
2,complex,20260733,constant_mean_alpha,0.9957602232129171,0.8108005072169127,0.32388877163965035,6.192600405736543e-16,7.441155017465226e-15,0.5793233773788846
3,simple,20260729,constant_mean_alpha,0.9953220637926001,0.7428695176714758,0.27093333333333336,4.735526547409615e-16,7.52685225134459e-15,0.6615511167671951
3,simple,20260730,constant_mean_alpha,0.9953220637926001,0.7428695176714758,0.27093333333333336,4.735526547409615e-16,7.52685225134459e-15,0.6615511167671951
3,simple,20260731,constant_mean_alpha,0.9953220637926001,0.7428695176714758,0.27093333333333336,4.735526547409615e-16,7.52685225134459e-15,0.6615511167671951
3,simple,20260732,constant_mean_alpha,0.9953220637926001,0.7428695176714758,0.27093333333333336,4.735526547409615e-16,7.52685225134459e-15,0.6615511167671951
3,simple,20260733,constant_mean_alpha,0.9953220637926001,0.7428695176714758,0.27093333333333336,4.735526547409615e-16,7.52685225134459e-15,0.6615511167671951
3,medium,20260729,constant_mean_alpha,0.9964200125247717,0.7804362510737035,0.23770689098817976,0.0,8.342122816670946e-15,0.6168450627644676
3,medium,20260730,constant_mean_alpha,0.9964200125247717,0.7804362510737035,0.23770689098817976,0.0,8.342122816670946e-15,0.6168450627644676
3,medium,20260731,constant_mean_alpha,0.9964200125247717,0.7804362510737035,0.23770689098817976,0.0,8.342122816670946e-15,0.6168450627644676
3,medium,20260732,constant_mean_alpha,0.9964200125247717,0.7804362510737035,0.23770689098817976,0.0,8.342122816670946e-15,0.6168450627644676
3,medium,20260733,constant_mean_alpha,0.9964200125247717,0.7804362510737035,0.23770689098817976,0.0,8.342122816670946e-15,0.6168450627644676
3,complex,20260729,constant_mean_alpha,0.9968018550107461,0.7858304766636866,0.21988388702288394,1.0233714987702315e-15,9.339651009502553e-15,0.6092759853569558
3,complex,20260730,constant_mean_alpha,0.9968018550107461,0.7858304766636866,0.21988388702288394,1.0233714987702315e-15,9.339651009502553e-15,0.6092759853569558
3,complex,20260731,constant_mean_alpha,0.9968018550107461,0.7858304766636866,0.21988388702288394,1.0233714987702315e-15,9.339651009502553e-15,0.6092759853569558
3,complex,20260732,constant_mean_alpha,0.9968018550107461,0.7858304766636866,0.21988388702288394,1.0233714987702315e-15,9.339651009502553e-15,0.6092759853569558
3,complex,20260733,constant_mean_alpha,0.9968018550107461,0.7858304766636866,0.21988388702288394,1.0233714987702315e-15,9.339651009502553e-15,0.6092759853569558
4,simple,20260729,constant_mean_alpha,0.9937753966046394,0.6346297805370796,0.263888,3.209421624518487e-16,6.541392350500286e-15,0.7637080004936415
4,simple,20260730,constant_mean_alpha,0.9937753966046394,0.6346297805370796,0.263888,3.209421624518487e-16,6.541392350500286e-15,0.7637080004936415
4,simple,20260731,constant_mean_alpha,0.9937753966046394,0.6346297805370796,0.263888,3.209421624518487e-16,6.541392350500286e-15,0.7637080004936415
4,simple,20260732,constant_mean_alpha,0.9937753966046394,0.6346297805370796,0.263888,3.209421624518487e-16,6.541392350500286e-15,0.7637080004936415
4,simple,20260733,constant_mean_alpha,0.9937753966046394,0.6346297805370796,0.263888,3.209421624518487e-16,6.541392350500286e-15,0.7637080004936415
4,medium,20260729,constant_mean_alpha,0.9963148085214342,0.7241345559073942,0.20616997640503107,8.459032021435514e-16,8.615996411024584e-15,0.6787480390382703
4,medium,20260730,constant_mean_alpha,0.9963148085214342,0.7241345559073942,0.20616997640503107,8.459032021435514e-16,8.615996411024584e-15,0.6787480390382703
4,medium,20260731,constant_mean_alpha,0.9963148085214342,0.7241345559073942,0.20616997640503107,8.459032021435514e-16,8.615996411024584e-15,0.6787480390382703
4,medium,20260732,constant_mean_alpha,0.9963148085214342,0.7241345559073942,0.20616997640503107,8.459032021435514e-16,8.615996411024584e-15,0.6787480390382703
4,medium,20260733,constant_mean_alpha,0.9963148085214342,0.7241345559073942,0.20616997640503107,8.459032021435514e-16,8.615996411024584e-15,0.6787480390382703
4,complex,20260729,constant_mean_alpha,0.9977246817601311,0.7917529270587302,0.16675369428431078,9.171883673059928e-16,1.0402683075091946e-14,0.5985161227192286
4,complex,20260730,constant_mean_alpha,0.9977246817601311,0.7917529270587302,0.16675369428431078,9.171883673059928e-16,1.0402683075091946e-14,0.5985161227192286
4,complex,20260731,constant_mean_alpha,0.9977246817601311,0.7917529270587302,0.16675369428431078,9.171883673059928e-16,1.0402683075091946e-14,0.5985161227192286
4,complex,20260732,constant_mean_alpha,0.9977246817601311,0.7917529270587302,0.16675369428431078,9.171883673059928e-16,1.0402683075091946e-14,0.5985161227192286
4,complex,20260733,constant_mean_alpha,0.9977246817601311,0.7917529270587302,0.16675369428431078,9.171883673059928e-16,1.0402683075091946e-14,0.5985161227192286
5,simple,20260729,constant_mean_alpha,0.9928200048262408,0.5584791424378379,0.24529920000000002,7.498626982681346e-16,6.296534716899473e-15,0.8197478702280385
5,simple,20260730,constant_mean_alpha,0.9928200048262408,0.5584791424378379,0.24529920000000002,7.498626982681346e-16,6.296534716899473e-15,0.8197478702280385
5,simple,20260731,constant_mean_alpha,0.9928200048262408,0.5584791424378379,0.24529920000000002,7.498626982681346e-16,6.296534716899473e-15,0.8197478702280385
5,simple,20260732,constant_mean_alpha,0.9928200048262408,0.5584791424378379,0.24529920000000002,7.498626982681346e-16,6.296534716899473e-15,0.8197478702280385
5,simple,20260733,constant_mean_alpha,0.9928200048262408,0.5584791424378379,0.24529920000000002,7.498626982681346e-16,6.296534716899473e-15,0.8197478702280385
5,medium,20260729,constant_mean_alpha,0.9961803777859435,0.6728157345537067,0.18824377724563443,6.765140643411633e-16,8.229717427262467e-15,0.7268312040029301
5,medium,20260730,constant_mean_alpha,0.9961803777859435,0.6728157345537067,0.18824377724563443,6.765140643411633e-16,8.229717427262467e-15,0.7268312040029301
5,medium,20260731,constant_mean_alpha,0.9961803777859435,0.6728157345537067,0.18824377724563443,6.765140643411633e-16,8.229717427262467e-15,0.7268312040029301
5,medium,20260732,constant_mean_alpha,0.9961803777859435,0.6728157345537067,0.18824377724563443,6.765140643411633e-16,8.229717427262467e-15,0.7268312040029301
5,medium,20260733,constant_mean_alpha,0.9961803777859435,0.6728157345537067,0.18824377724563443,6.765140643411633e-16,8.229717427262467e-15,0.7268312040029301
5,complex,20260729,constant_mean_alpha,0.9982256219154184,0.7927639254928067,0.13075824590735222,7.785402168591923e-16,1.2247180890297124e-14,0.5939603842391528
5,complex,20260730,constant_mean_alpha,0.9982256219154184,0.7927639254928067,0.13075824590735222,7.785402168591923e-16,1.2247180890297124e-14,0.5939603842391528
5,complex,20260731,constant_mean_alpha,0.9982256219154184,0.7927639254928067,0.13075824590735222,7.785402168591923e-16,1.2247180890297124e-14,0.5939603842391528
5,complex,20260732,constant_mean_alpha,0.9982256219154184,0.7927639254928067,0.13075824590735222,7.785402168591923e-16,1.2247180890297124e-14,0.5939603842391528
5,complex,20260733,constant_mean_alpha,0.9982256219154184,0.7927639254928067,0.13075824590735222,7.785402168591923e-16,1.2247180890297124e-14,0.5939603842391528
6,simple,20260729,constant_mean_alpha,0.9921601439148853,0.5014972805959138,0.22466666666666668,2.6306749317256655e-16,5.811596137402946e-15,0.8550115649038915
6,simple,20260730,constant_mean_alpha,0.9921601439148853,0.5014972805959138,0.22466666666666668,2.6306749317256655e-16,5.811596137402946e-15,0.8550115649038915
6,simple,20260731,constant_mean_alpha,0.9921601439148853,0.5014972805959138,0.22466666666666668,2.6306749317256655e-16,5.811596137402946e-15,0.8550115649038915
6,simple,20260732,constant_mean_alpha,0.9921601439148853,0.5014972805959138,0.22466666666666668,2.6306749317256655e-16,5.811596137402946e-15,0.8550115649038915
6,simple,20260733,constant_mean_alpha,0.9921601439148853,0.5014972805959138,0.22466666666666668,2.6306749317256655e-16,5.811596137402946e-15,0.8550115649038915
6,medium,20260729,constant_mean_alpha,0.99607818320258,0.628679353521263,0.17287749569019903,4.982210610164323e-16,8.14455487160409e-15,0.7630082440985367
6,medium,20260730,constant_mean_alpha,0.99607818320258,0.628679353521263,0.17287749569019903,4.982210610164323e-16,8.14455487160409e-15,0.7630082440985367
6,medium,20260731,constant_mean_alpha,0.99607818320258,0.628679353521263,0.17287749569019903,4.982210610164323e-16,8.14455487160409e-15,0.7630082440985367
6,medium,20260732,constant_mean_alpha,0.99607818320258,0.628679353521263,0.17287749569019903,4.982210610164323e-16,8.14455487160409e-15,0.7630082440985367
6,medium,20260733,constant_mean_alpha,0.99607818320258,0.628679353521263,0.17287749569019903,4.982210610164323e-16,8.14455487160409e-15,0.7630082440985367
6,complex,20260729,constant_mean_alpha,0.9985168022323718,0.7898543152156434,0.1091213419379839,7.289872687612959e-16,1.4057140980997312e-14,0.5944654116569448
6,complex,20260730,constant_mean_alpha,0.9985168022323718,0.7898543152156434,0.1091213419379839,7.289872687612959e-16,1.4057140980997312e-14,0.5944654116569448
6,complex,20260731,constant_mean_alpha,0.9985168022323718,0.7898543152156434,0.1091213419379839,7.289872687612959e-16,1.4057140980997312e-14,0.5944654116569448
6,complex,20260732,constant_mean_alpha,0.9985168022323718,0.7898543152156434,0.1091213419379839,7.289872687612959e-16,1.4057140980997312e-14,0.5944654116569448
6,complex,20260733,constant_mean_alpha,0.9985168022323718,0.7898543152156434,0.1091213419379839,7.289872687612959e-16,1.4057140980997312e-14,0.5944654116569448
7,simple,20260729,constant_mean_alpha,0.9917583682870421,0.45898349440607666,0.20550857142857143,2.763902211235997e-16,5.5991261726641906e-15,0.8779800230434117
7,simple,20260730,constant_mean_alpha,0.9917583682870421,0.45898349440607666,0.20550857142857143,2.763902211235997e-16,5.5991261726641906e-15,0.8779800230434117
7,simple,20260731,constant_mean_alpha,0.9917583682870421,0.45898349440607666,0.20550857142857143,2.763902211235997e-16,5.5991261726641906e-15,0.8779800230434117
7,simple,20260732,constant_mean_alpha,0.9917583682870421,0.45898349440607666,0.20550857142857143,2.763902211235997e-16,5.5991261726641906e-15,0.8779800230434117
7,simple,20260733,constant_mean_alpha,0.9917583682870421,0.45898349440607666,0.20550857142857143,2.763902211235997e-16,5.5991261726641906e-15,0.8779800230434117
7,medium,20260729,constant_mean_alpha,0.9959842745649958,0.5906707061179639,0.15912409287741683,4.384797615569845e-16,8.281052149962965e-15,0.7908809325724659
7,medium,20260730,constant_mean_alpha,0.9959842745649958,0.5906707061179639,0.15912409287741683,4.384797615569845e-16,8.281052149962965e-15,0.7908809325724659
7,medium,20260731,constant_mean_alpha,0.9959842745649958,0.5906707061179639,0.15912409287741683,4.384797615569845e-16,8.281052149962965e-15,0.7908809325724659
7,medium,20260732,constant_mean_alpha,0.9959842745649958,0.5906707061179639,0.15912409287741683,4.384797615569845e-16,8.281052149962965e-15,0.7908809325724659
7,medium,20260733,constant_mean_alpha,0.9959842745649958,0.5906707061179639,0.15912409287741683,4.384797615569845e-16,8.281052149962965e-15,0.7908809325724659
7,complex,20260729,constant_mean_alpha,0.9987418335229608,0.7900373818429829,0.09329404898591229,1.0263466704552213e-15,1.474201499485795e-14,0.5908809103458834
7,complex,20260730,constant_mean_alpha,0.9987418335229608,0.7900373818429829,0.09329404898591229,1.0263466704552213e-15,1.474201499485795e-14,0.5908809103458834
7,complex,20260731,constant_mean_alpha,0.9987418335229608,0.7900373818429829,0.09329404898591229,1.0263466704552213e-15,1.474201499485795e-14,0.5908809103458834
7,complex,20260732,constant_mean_alpha,0.9987418335229608,0.7900373818429829,0.09329404898591229,1.0263466704552213e-15,1.474201499485795e-14,0.5908809103458834
7,complex,20260733,constant_mean_alpha,0.9987418335229608,0.7900373818429829,0.09329404898591229,1.0263466704552213e-15,1.474201499485795e-14,0.5908809103458834
8,simple,20260729,constant_mean_alpha,0.9913650695012866,0.4242055350077434,0.188288,2.9967532120151796e-16,5.596536492570715e-15,0.8948930624836374
8,simple,20260730,constant_mean_alpha,0.9913650695012866,0.4242055350077434,0.188288,2.9967532120151796e-16,5.596536492570715e-15,0.8948930624836374
8,simple,20260731,constant_mean_alpha,0.9913650695012866,0.4242055350077434,0.188288,2.9967532120151796e-16,5.596536492570715e-15,0.8948930624836374
8,simple,20260732,constant_mean_alpha,0.9913650695012866,0.4242055350077434,0.188288,2.9967532120151796e-16,5.596536492570715e-15,0.8948930624836374
8,simple,20260733,constant_mean_alpha,0.9913650695012866,0.4242055350077434,0.188288,2.9967532120151796e-16,5.596536492570715e-15,0.8948930624836374
8,medium,20260729,constant_mean_alpha,0.9958877166117013,0.5575927157818197,0.14725092471709533,6.362530426394488e-16,7.532469566184178e-15,0.8129393793101977
8,medium,20260730,constant_mean_alpha,0.9958877166117013,0.5575927157818197,0.14725092471709533,6.362530426394488e-16,7.532469566184178e-15,0.8129393793101977
8,medium,20260731,constant_mean_alpha,0.9958877166117013,0.5575927157818197,0.14725092471709533,6.362530426394488e-16,7.532469566184178e-15,0.8129393793101977
8,medium,20260732,constant_mean_alpha,0.9958877166117013,0.5575927157818197,0.14725092471709533,6.362530426394488e-16,7.532469566184178e-15,0.8129393793101977
8,medium,20260733,constant_mean_alpha,0.9958877166117013,0.5575927157818197,0.14725092471709533,6.362530426394488e-16,7.532469566184178e-15,0.8129393793101977
8,complex,20260729,constant_mean_alpha,0.9988863123396956,0.7868842844738075,0.08179116310178461,8.382962241538702e-16,1.589614309584192e-14,0.5915481889479808
8,complex,20260730,constant_mean_alpha,0.9988863123396956,0.7868842844738075,0.08179116310178461,8.382962241538702e-16,1.589614309584192e-14,0.5915481889479808
8,complex,20260731,constant_mean_alpha,0.9988863123396956,0.7868842844738075,0.08179116310178461,8.382962241538702e-16,1.589614309584192e-14,0.5915481889479808
8,complex,20260732,constant_mean_alpha,0.9988863123396956,0.7868842844738075,0.08179116310178461,8.382962241538702e-16,1.589614309584192e-14,0.5915481889479808
8,complex,20260733,constant_mean_alpha,0.9988863123396956,0.7868842844738075,0.08179116310178461,8.382962241538702e-16,1.589614309584192e-14,0.5915481889479808
9,simple,20260729,constant_mean_alpha,0.9910314218670889,0.3950510718196185,0.17320177777777776,5.284220007278033e-16,5.350425543197884e-15,0.9078385007286688
9,simple,20260730,constant_mean_alpha,0.9910314218670889,0.3950510718196185,0.17320177777777776,5.284220007278033e-16,5.350425543197884e-15,0.9078385007286688
9,simple,20260731,constant_mean_alpha,0.9910314218670889,0.3950510718196185,0.17320177777777776,5.284220007278033e-16,5.350425543197884e-15,0.9078385007286688
9,simple,20260732,constant_mean_alpha,0.9910314218670889,0.3950510718196185,0.17320177777777776,5.284220007278033e-16,5.350425543197884e-15,0.9078385007286688
9,simple,20260733,constant_mean_alpha,0.9910314218670889,0.3950510718196185,0.17320177777777776,5.284220007278033e-16,5.350425543197884e-15,0.9078385007286688
9,medium,20260729,constant_mean_alpha,0.9958030531829559,0.5284775070098887,0.13713840876196814,2.7885316869980745e-16,8.011344171727787e-15,0.830808418334676
9,medium,20260730,constant_mean_alpha,0.9958030531829559,0.5284775070098887,0.13713840876196814,2.7885316869980745e-16,8.011344171727787e-15,0.830808418334676
9,medium,20260731,constant_mean_alpha,0.9958030531829559,0.5284775070098887,0.13713840876196814,2.7885316869980745e-16,8.011344171727787e-15,0.830808418334676
9,medium,20260732,constant_mean_alpha,0.9958030531829559,0.5284775070098887,0.13713840876196814,2.7885316869980745e-16,8.011344171727787e-15,0.830808418334676
9,medium,20260733,constant_mean_alpha,0.9958030531829559,0.5284775070098887,0.13713840876196814,2.7885316869980745e-16,8.011344171727787e-15,0.830808418334676
9,complex,20260729,constant_mean_alpha,0.9990167233634437,0.786098099035822,0.07255166635949971,8.7103429713814555e-16,1.6282090924447633e-14,0.589088313033857
9,complex,20260730,constant_mean_alpha,0.9990167233634437,0.786098099035822,0.07255166635949971,8.7103429713814555e-16,1.6282090924447633e-14,0.589088313033857
9,complex,20260731,constant_mean_alpha,0.9990167233634437,0.786098099035822,0.07255166635949971,8.7103429713814555e-16,1.6282090924447633e-14,0.589088313033857
9,complex,20260732,constant_mean_alpha,0.9990167233634437,0.786098099035822,0.07255166635949971,8.7103429713814555e-16,1.6282090924447633e-14,0.589088313033857
9,complex,20260733,constant_mean_alpha,0.9990167233634437,0.786098099035822,0.07255166635949971,8.7103429713814555e-16,1.6282090924447633e-14,0.589088313033857
10,simple,20260729,constant_mean_alpha,0.9908009437882018,0.3705614325981955,0.16037600000000002,2.2449368178822693e-16,5.432310702985434e-15,0.9178611584432378
10,simple,20260730,constant_mean_alpha,0.9908009437882018,0.3705614325981955,0.16037600000000002,2.2449368178822693e-16,5.432310702985434e-15,0.9178611584432378
10,simple,20260731,constant_mean_alpha,0.9908009437882018,0.3705614325981955,0.16037600000000002,2.2449368178822693e-16,5.432310702985434e-15,0.9178611584432378
10,simple,20260732,constant_mean_alpha,0.9908009437882018,0.3705614325981955,0.16037600000000002,2.2449368178822693e-16,5.432310702985434e-15,0.9178611584432378
10,simple,20260733,constant_mean_alpha,0.9908009437882018,0.3705614325981955,0.16037600000000002,2.2449368178822693e-16,5.432310702985434e-15,0.9178611584432378
10,medium,20260729,constant_mean_alpha,0.9957459619476925,0.5025802333892524,0.12821054329318332,4.518572915834791e-16,8.453885036053513e-15,0.8455697359888961
10,medium,20260730,constant_mean_alpha,0.9957459619476925,0.5025802333892524,0.12821054329318332,4.518572915834791e-16,8.453885036053513e-15,0.8455697359888961
10,medium,20260731,constant_mean_alpha,0.9957459619476925,0.5025802333892524,0.12821054329318332,4.518572915834791e-16,8.453885036053513e-15,0.8455697359888961
10,medium,20260732,constant_mean_alpha,0.9957459619476925,0.5025802333892524,0.12821054329318332,4.518572915834791e-16,8.453885036053513e-15,0.8455697359888961
10,medium,20260733,constant_mean_alpha,0.9957459619476925,0.5025802333892524,0.12821054329318332,4.518572915834791e-16,8.453885036053513e-15,0.8455697359888961
10,complex,20260729,constant_mean_alpha,0.999110256964951,0.7829900813822612,0.0651541164242174,7.260007976012517e-16,1.794893255927693e-14,0.5895261694957382
10,complex,20260730,constant_mean_alpha,0.999110256964951,0.7829900813822612,0.0651541164242174,7.260007976012517e-16,1.794893255927693e-14,0.5895261694957382
10,complex,20260731,constant_mean_alpha,0.999110256964951,0.7829900813822612,0.0651541164242174,7.260007976012517e-16,1.794893255927693e-14,0.5895261694957382
10,complex,20260732,constant_mean_alpha,0.999110256964951,0.7829900813822612,0.0651541164242174,7.260007976012517e-16,1.794893255927693e-14,0.5895261694957382
10,complex,20260733,constant_mean_alpha,0.999110256964951,0.7829900813822612,0.0651541164242174,7.260007976012517e-16,1.794893255927693e-14,0.5895261694957382
